bersenyev,225
break,224
seven,224
ourselves,224
feelings,224
speech,223
fight,223
eight,223
slightly,223
allowed,223
sergeitch,223
noise,222
watched,222
thick,222
ideal,222
griinlich,222
england,221
threw,221
dress,221
picture,220
5,220
uncle,220
according,219
warm,219
moving,219
finished,219
direction,219
otherwise,219
mary,219
fate,218
teeth,218
lead,218
nietzsche,218
follow,217
surprised,217
anyone,217
wo,217
cast,216
seat,216
aware,216
faces,216
breast,216
la,216
winter,215
allow,215
mental,215
profound,214
carry,214
servant,214
fixed,213
pleasant,213
verily,213
box,212
playing,212
terrible,212
akim,212
melancholy,211
firm,211
philosophy,210
modern,210
wonderful,210
weather,210
artist,210
trying,210
pain,210
famous,210
reality,210
noble,209
wood,209
wise,209
immediately,209
believed,209
peasant,209
doth,209
remembered,208
song,208
houses,208
brain,208
tired,207
musical,207
laughing,207
pyotr,207
relation,207
whitford,207
drawn,206
proud,206
girls,206
meeting,206
places,206
period,206
touched,206
purpose,205
quick,205
vain,205
pray,205
orders,205
shot,204
heads,204
expect,203
fly,203
bottom,203
alive,203
remarked,203
conscious,202
sharp,202
bound,202
expressed,202
army,202
shoulder,202
scarcely,202
papa,202
boys,201
discovered,200
pressed,200
movement,200
gives,199
anxious,199
lies,199
altogether,199
action,199
settled,198
proved,198
animals,198
attitude,198
king,198
prison,198
scene,198
eat,198
pointed,198
various,198
completely,198
tongue,198
fond,198
level,197
grave,197
somewhere,197
muttered,197
bowed,197
complete,197
boris,197
tchertop-hanov,197
sad,196
sang,196
growing,196
consider,196
ceased,196
moon,196
features,196
thank,196
considered,195
clock,195
height,195
despair,195
greatly,195
singing,195
offered,195
chapter,195
looks,194
happen,194
lifted,194
curious,194
bridge,194
weeks,194
interrupted,194
port,193
habit,193
nevertheless,193
regarded,193
kill,193
gentle,193
handsome,192
forehead,192
knowing,192
yours,192
excellent,192
affairs,191
lower,191
pleased,191
imagination,191
language,191
judge,191
voyage,190
freedom,190
holding,190
nobody,190
names,190
lose,190
declared,190
type,190
thanks,190
obliged,190
surprise,189
occasion,189
silver,189
killed,189
impression,189
built,188
bare,188
shadow,188
usually,188
theatre,188
londe,188
circumstances,187
fortune,187
quarter,187
roof,187
american,187
south,187
minds,187
native,187
surely,187
capable,187
france,187
nurse,187
blow,186
extraordinary,186
cheeks,186
emotion,185
deck,185
amongst,185
stretched,185
naturally,185
gaze,185
fallen,185
darkness,185
hearts,185
dreams,184
listening,184
works,184
editor,184
somewhat,184
result,184
spiritual,184
journey,183
presently,183
burst,183
sides,183
succeeded,183
unless,183
exist,183
bank,183
kiss,183
bread,182
immense,182
james,182
asleep,182
twice,182
relations,182
smiling,181
difficulty,181
west,181
delicate,181
individual,181
everybody,181
supposed,181
good-bye,181
absolutely,181
francs,181
flat,180
whispered,180
everywhere,180
rise,180
companion,180
enter,180
degree,180
holy,180
dry,179
clever,179
blind,179
special,179
spake,179
waited,178
month,178
brilliant,178
ear,178
golden,178
clouds,178
falling,178
questions,178
favour,178
science,178
ensor,178
stream,177
instant,177
george,177
promise,177
servants,177
former,177
beneath,176
iron,176
mass,176
fit,176
edge,176
lake,176
genius,176
dmitrievna,176
clothes,175
interested,175
laughter,175
rule,175
difference,175
image,175
david,175
harlov,175
streets,174
north,174
lover,174
game,174
false,174
weak,174
guests,174
seated,174
value,173
calm,173
souls,173
friendly,173
refused,173
justice,173
martin,173
del,173
gazed,172
animal,172
sought,172
york,172
contrary,172
beg,172
events,172
hill,171
fifty,171
notice,171
hero,171
quietly,171
slight,171
neighbour,171
courtyard,171
sofa,171
board,170
breakfast,170
becomes,170
forced,170
stranger,170
pulled,170
religious,170
generally,170
significance,170
decided,170
couple,170
papers,169
class,169
social,169
telling,169
worst,169
huge,169
drive,169
stage,169
w,169
andreyitch,169
principle,169
adelaide,169
aloud,168
ways,167
glanced,167
voices,167
loud,167
terms,167
placed,167
professor,167
un,167
possessed,167
rooms,167
gerda,167
station,166
private,166
carefully,166
moments,166
food,166
calling,166
taught,166
hearing,165
precisely,165
possibly,165
ann,165
nearer,164
train,164
fellows,164
indians,164
due,164
stupid,164
pictures,164
unhappy,164
sloop,164
weary,163
disappeared,163
rising,163
apart,163
pocket,163
finger,163
midst,163
offer,163
promised,163
race,163
confess,163
frightened,163
murmured,163
minister,163
conrad,163
abdulla,163
marchesa,163
reach,162
seriously,162
familiar,162
fairly,162
appears,162
n,162
advice,162
absolute,162
twelve,162
soldier,162
takes,161
stared,161
mood,161
putting,161
superior,161
worthy,161
burning,161
vassilyitch,161
maid,161
ashamed,161
johann,161
success,160
failed,160
thrown,160
motionless,160
shore,160
spend,160
tender,160
drank,160
start,159
explained,159
smoke,159
circle,159
throat,159
likely,159
influence,159
softly,159
princess,159
shining,158
sigh,158
ahead,158
express,158
seek,158
grow,158
matters,157
attempt,157
enemy,157
prove,157
original,157
objects,157
rate,157
caused,157
recognition,157
century,156
dying,156
daily,156
shade,156
cruel,156
possession,156
meanwhile,156
monsieur,156
served,155
drop,155
cook,155
cloud,155
property,155
fast,155
ordered,155
admitted,155
sorry,155
arrival,155
cousin,155
r,155
bitter,154
flew,154
mysterious,154
queer,154
ex,154
forgive,154
catch,153
interesting,153
stars,153
sounds,153
wet,153
dust,153
bell,153
beat,153
moral,153
moscow,153
extremely,153
uttered,153
alissa,153
ancient,152
importance,152
dance,152
asking,152
ordinary,152
hut,152
wings,152
prepared,152
concerning,151
unknown,151
cape,151
per,151
poetry,151
storm,151
dangerous,151
excuse,151
italy,151
marchese,151
honest,150
watching,150
mountains,150
forty,150
delighted,150
moreover,150
gods,149
slept,149
bow,149
foreign,149
progress,149
persons,149
pardon,149
east,148
proper,148
visited,148
confidence,148
car,148
curiosity,148
eternal,148
driven,148
rapidly,148
everyone,148
flying,147
aside,147
hidden,147
regular,147
opening,147
repeat,147
shape,147
hanging,147
patient,147
dignity,147
heat,147
divine,147
yards,147
devoted,146
deeply,146
isn,146
distant,146
islands,146
com,146
varvara,146
upper,145
younger,145
inner,145
nine,145
kissed,145
recognised,145
italian,145
field,144
practical,144
rolled,144
capital,144
violent,144
slow,144
pause,144
accept,144
announced,144
concerned,144
longing,144
panshin,144
clearly,143
hotel,143
count,143
beard,143
brief,143
alas,143
engaged,143
presented,143
mark,142
thirty,142
whisper,142
doors,142
suffering,142
nonsense,142
seized,142
highly,142
vassilyevitch,142
parents,141
sick,141
birth,141
anger,141
henry,141
religion,141
chin,141
vision,141
whenever,141
mentioned,141
germany,141
le,141
lovely,140
ring,140
tiny,140
forms,140
gun,140
reasons,140
apparently,140
rushed,140
vassilyevna,140
rassi,140
begun,139
fish,139
sail,139
dogs,139
couldn,139
splendid,139
dare,139
begged,139
parted,139
lack,139
enormous,139
cases,139
ha,139
deslauriers,139
season,138
quality,138
sank,138
leaned,138
faithful,138
peculiar,138
priest,138
sympathy,138
stairs,138
hurt,137
keeping,137
fat,137
loss,137
finding,137
facts,137
stands,137
powers,137
h,137
dongo,137
informed,136
mate,136
authority,136
inside,136
dozen,136
blame,136
sooner,136
favourite,136
satisfied,136
gesture,136
governor,136
kuzma,136
neighbourhood,135
fifteen,135
lighted,135
hate,135
kindly,135
host,135
waves,135
knife,135
pushed,135
skin,135
opportunity,135
produced,135
suggested,135
f,135
wretched,135
household,135
palazzo,135
ease,134
luck,134
stories,134
stepped,134
plan,134
wooden,134
literature,134
humanity,134
addressed,134
elder,134
ida,134
leg,133
square,133
wants,133
post,133
rough,133
vanity,133
spirits,133
coffee,132
foolish,132
advantage,132
notes,132
surface,132
rare,132
silk,132
formed,132
shame,132
absurd,132
extreme,132
truly,132
b,132
toward,132
needed,131
worked,131
fully,131
sounded,131
smooth,131
particularly,131
nervous,131
safe,131
possess,131
parts,131
inn,131
gently,131
acquainted,131
guest,131
arranged,131
main,130
smell,130
jumped,130
sailed,130
wound,130
centre,130
understanding,130
handkerchief,130
painful,130
admit,130
description,130
bought,130
evidently,130
affection,130
signora,130
job,129
sprang,129
powerful,129
vanished,129
excited,129
friendship,129
avenue,129
education,129
russia,129
page,129
acia,129
seas,128
waters,128
midnight,128
unable,128
suffered,128
hence,128
draw,127
shadows,127
marked,127
occupied,127
entire,127
park,127
horror,127
conduct,127
eh,127
reader,127
soldiers,127
liberty,126
equal,126
estate,126
lively,126
official,126
lamp,126
weakness,126
drawing,126
badly,126
spread,126
painted,126
managed,126
command,126
wear,126
ate,126
regret,126
absence,126
satisfaction,125
trembling,125
innocent,125
trust,125
constant,125
forgot,125
contempt,125
temper,125
utterly,125
add,125
opera,125
c,125
occurred,124
gathered,124
wondered,124
somehow,124
imagined,124
solitude,124
nodded,124
battle,124
dis,124
dining-room,124
daughters,124
charm,124
experienced,123
movements,123
task,123
clean,123
ended,123
boots,123
stick,123
enthusiasm,123
invited,123
patterne,123
mosca,123
travel,122
leaning,122
bearing,122
charge,122
throw,122
leading,122
cool,122
signs,122
stayed,122
ness,122
phrase,122
pieces,122
feminine,122
behold,122
teaching,122
mention,122
contessa,122
bore,121
named,121
chap,121
blessed,121
vast,121
accepted,121
mountain,121
building,121
mistake,121
beings,121
situation,121
system,121
explain,120
shaking,120
mile,120
neighbours,120
humour,120
fields,120
haste,120
assured,120
ivan,120
created,120
citadel,120
working,119
conditions,119
accustomed,119
constantly,119
literary,119
yard,119
departure,119
necessity,119
sorts,119
folly,119
grief,119
sense-data,119
fever,118
search,118
bottle,118
views,118
retired,118
awful,118
gradually,118
fail,118
laws,118
details,118
horrible,118
doesn,118
en,118
slightest,118
club,118
weight,117
heavens,117
abroad,117
sum,117
tones,117
tyeglev,117
milan,117
hurry,116
buried,116
silly,116
wearing,116
woods,116
content,116
admiration,116
intimate,116
surrounded,116
saved,115
actual,115
busy,115
severe,115
principles,115
comfort,115
childish,115
plenty,115
america,115
reputation,115
poison,115
jew,115
atmosphere,115
agree,115
naum,115
sighed,115
europe,115
charles,115
agreed,114
fault,114
assumed,114
older,114
distinguished,114
wasn,114
current,114
extent,114
wounded,114
consent,114
handed,113
amusing,113
passionate,113
pages,113
energy,113
direct,113
hers,113
material,113
flower,113
petersburg,113
candle,113
artistic,113
novel,113
vasili,113
hills,112
shy,112
passage,112
snow,112
wave,112
rang,112
picked,112
loves,112
sensation,112
portrait,112
brave,112
process,112
recall,112
flesh,112
final,112
prisoner,112
clerk,112
farther,112
remains,112
ridiculous,112
widow,112
perfection,112
alice,112
pipe,111
shop,111
sunday,111
points,111
chest,111
sex,111
solitary,111
gazing,111
terror,111
sees,111
hang,111
coast,111
hide,111
lonely,111
considerable,111
wandering,111
joke,111
visible,111
inquired,111
mademoiselle,111
wishes,111
stuff,110
jack,110
attack,110
palace,110
nerves,110
conscience,110
refuse,110
opposed,110
