nodded,3
heads,3
win,3
low,3
tickets,3
mutuel,3
stairs,3
jammed,3
folded,3
bridle,3
moved,3
gray,3
ring,3
making,3
smaller,3
stretch,3
pack,3
faster,3
numbers,3
kick,3
given,3
sell,3
kind,3
eggs,3
auteuil,3
francs,3
gave,3
died,3
drinks,3
decent,3
colors,3
owner,3
sweet,3
cross,3
others,3
hoof,3
stretcher,3
doctor,3
send,3
fishing,3
carrying,3
signorina,3
main,3
geld,3
sleeve,3
lire,3
action,3
laughed,3
rotten,3
tiny,3
understood,3
rod,3
guides,3
uncomfortable,3
clean,3
melting,3
longer,3
breaking,3
narrow,3
several,3
opening,3
office,3
large,3
wore,3
washed,3
sky,3
breeze,3
party,3
evenings,3
wyman,3
dream,3
sticking,3
happen,3
buck,3
ai,3
bottom,3
comfortable,3
pressed,3
moon,3
cry,3
winter,3
shipped,3
r,3
weeks,3
happiest,3
trains,3
ties,3
crack,3
fellows,3
laid,3
tools,3
war-whoop,3
lighted,3
harry,3
nights,3
lit,3
dumb,3
changed,3
hang,3
picked,3
body,3
stepped,3
slits,3
slept,3
lovers,3
fluttered,3
furniture,3
flashed,3
warmth,3
happily,3
polite,3
drawn,3
bare,3
replied,3
fifty,3
society,3
ground,3
christmas,3
broken,3
smoke,3
feathers,3
pass,3
dial,3
mine,3
harvard,3
mighty,3
osprey,3
weren,3
simply,3
exposition,3
salts,3
registered,3
mummy,3
concierge,3
suggested,3
desperate,3
became,3
explanation,3
gilbert,3
nature,3
character,3
experience,3
fielding,3
australian,3
meet,3
cadillac,3
naked,3
chain,3
razor,3
steel,3
pounder,3
pump-maker,3
feller,3
advice,3
ain,3
collaring,3
listened,3
throat,3
manchester,3
sugar,3
steak,3
frost,3
vaguely,3
stirring,3
news,3
doing,3
hardy,3
chinamen,3
john,3
shoes,3
british,3
writer,3
stool,3
apologetically,3
frank,3
wondering,3
question,3
postman,3
mistake,3
harper,3
lately,3
printer,3
affectation,3
bear,3
sweep,3
haunted,3
regiment,3
remarks,3
gun,3
pool-room,3
luck,3
cents,3
brothers,3
trap-door,3
framed,3
refined,3
glance,3
massa,3
friends,3
bull,3
value,3
committee,3
figures,3
human,3
various,3
wells,3
nowhere,3
mackinaw,3
chances,3
squaws,3
husky,3
mansion,3
guide,3
suffered,3
buque,3
sellem,3
afford,2
forenoon,2
torino,2
cab,2
sweaters,2
jogging,2
hit,2
grin,2
grinned,2
mountains,2
yell,2
waist,2
skipping,2
ought,2
wops,2
steers,2
nuts,2
whirring,2
sling,2
sweater,2
rides,2
dried,2
weighed,2
dad,2
bumped,2
courses,2
stall,2
bad,2
swellest,2
especially,2
goes,2
kill,2
premio,2
commercio,2
shooting,2
wiping,2
handkerchief,2
sportsman,2
careful,2
scared,2
lyon,2
straighten,2
figure,2
twice,2
cafe,2
opera,2
lives,2
forest,2
dick,2
rabbit,2
brush,2
license,2
gallop,2
8,2
sits,2
fair,2
giving,2
wherever,2
summer,2
enghien,2
cloud,2
franc,2
looks,2
hollow,2
built,2
quiet,2
jerking,2
thick,2
tone,2
bet,2
machine,2
10,2
1,2
grandstand,2
length,2
gosh,2
master,2
circus,2
procession,2
stands,2
hardly,2
gong,2
farther,2
bunched,2
turns,2
straightaway,2
board,2
rang,2
pay,2
squeezed,2
seeing,2
cards,2
showing,2
awfully,2
waiter,2
cost,2
saucers,2
busted,2
boulevard,2
questions,2
egypt,2
breed,2
states,2
bum,2
stake,2
irish,2
jumper,2
solid,2
third,2
meter,2
sunday,2
jacket,2
fence,2
galloping,2
leading,2
piled,2
anywhere,2
rail,2
grabbed,2
cried,2
sheet,2
spread,2
ambulance,2
butler,2
garden,2
eaten,2
clouds,2
rain,2
trout,2
wearing,2
mountain,2
unjointed,2
winking,2
cortina,2
following,2
sullenly,2
tenderly,2
groups,2
jackets,2
beggar,2
lifted,2
full,2
military,2
appeared,2
ten,2
steps,2
foreign,2
closed,2
someone,2
hurt,2
abreast,2
embarrassed,2
marsalas,2
pastry,2
vecchio,2
muddy,2
sticks,2
quarter,2
litre,2
amused,2
likes,2
rapidly,2
dialect,2
tyroler,2
ja,2
stay,2
italian,2
un,2
notice,2
crest,2
frau,2
segments,2
commenced,2
box,2
forefinger,2
bait,2
pockets,2
cloth,2
pieces,2
pleasant,2
closely,2
stretched,2
favor,2
salami,2
minnows,2
living,2
gilmore,2
hortons,2
horton,2
leather,2
meals,2
j,2
coates,2
mustache,2
hitched,2
fox,2
van,2
elm,2
timber,2
painted,2
fall,2
pine,2
cooking,2
special,2
hello,2
lift,2
jimmy,2
liquor,2
food,2
ate,2
dinner,2
stove,2
rumpled,2
terribly,2
clicked,2
warehouse,2
piles,2
breast,2
lap,2
neither,2
nor,2
planks,2
straightened,2
mist,2
curled,2
tucked,2
writing,2
yard,2
melt,2
tracings,2
windowpane,2
reminded,2
spent,2
hardness,2
snow-covered,2
strong,2
building,2
buildings,2
duluth,2
hills,2
ruefully,2
falling,2
search,2
urge,2
mattered,2
simple,2
sing,2
composer,2
chaps,2
symphony,2
orchestra,2
tonight,2
music,2
falls,2
grade,2
fur,2
terror,2
vend,2
deserted,2
distant,2
loop,2
district,2
price,2
bareheaded,2
fallen,2
chest,2
gratefully,2
telegraph,2
shakespeare,2
darkness,2
engine,2
engineer,2
throttle,2
anarchists,2
monument,2
park,2
satisfied,2
knee,2
europeans,2
places,2
fortunes,2
famous,2
remembered,2
electric,2
shawl,2
impression,2
storm,2
beginning,2
confused,2
platform,2
key,2
section,2
wished,2
curiously,2
loss,2
advertising,2
ads,2
wasted,2
bucks,2
cats,2
difficult,2
communion,2
mccarthy,2
irresolutely,2
chairs,2
admiring,2
inviting,2
prospect,2
barbers,2
drawing,2
speaking,2
mounting,2
ma,2
burn,2
soldiers,2
threw,2
flames,2
rose,2
column,2
risk,2
wise,2
saturday,2
signs,2
swinging,2
ordered,2
square,2
dr,2
faint,2
keen,2
fell,2
alive,2
wordsworth,2
island,2
bore,2
sometime,2
order,2
lined,2
lenore,2
ulric,2
loud,2
kindly,2
present,2
purchase,2
purchased,2
smelling,2
rooms,2
demanded,2
mademoiselle,2
joffre,2
register,2
tongs,2
rate,2
shouldn,2
stuart,2
washington,2
emerson,2
york,2
less,2
solemnly,2
protest,2
utmost,2
degree,2
happens,2
foible,2
employment,2
handsome,2
manager,2
raw,2
shoulders,2
handles,2
well-built,2
australians,2
showed,2
huge,2
placing,2
springs,2
tribal,2
shaping,2
casting,2
knife,2
difficulty,2
knows,2
pistons,2
piston-collaring,2
nightmare,2
grew,2
below,2
harbor,2
steel-rimmed,2
reached,2
wedding,2
aside,2
gladstone,2
sauce,2
buxom,2
occasionally,2
starched,2
brightened,2
calm,2
milk,2
crackers,2
rare,2
picturesque,2
background,2
surely,2
younger,2
foch,2
praying,2
victory,2
fighting,2
china,2
william,2
university,2
death-bed,2
professors,2
saintsbury,2
candle,2
ribbon,2
strangely,2
named,2
polly,2
ideas,2
voiced,2
unspoken,2
admitted,2
drummers,2
brass,2
high-pitched,2
arc,2
e,2
vanity,2
formerly,2
lump,2
interminable,2
reminiscences,2
scribner,2
public,2
review,2
bringing,2
literature,2
snow-drifts,2
understanding,2
phrase,2
page,2
dropped,2
woodcuts,2
glenn,2
blow,2
confidence,2
good-by,2
hardened,2
clipped,2
bird-cage,2
slushy,2
rhythm,2
gutenberg,2
forms,2
readers,2
number,2
backward,2
art,2
allied,2
vain,2
avaricious,2
middle,2
act,2
pump-manufacturers,2
doubt,2
meal,2
village,2
ignace,2
thoughts,2
infantry,2
die,2
indeed,2
afterward,2
supposed,2
tobacco,2
carlisle,2
centre,2
unpleasant,2
smash,2
hole,2
advantage,2
certain,2
barrage,2
prisoner,2
huns,2
truth,2
deeds,2
fourth,2
pursed,2
awake,2
companion,2
major,2
join,2
larger,2
cues,2
sneaking,2
halted,2
metal,2
easy-chairs,2
autographed,2
wadsworth,2
longfellow,2
dem,2
eccentric,2
gold,2
boss,2
coats,2
walls,2
tribe,2
sweden,2
vest,2
swede,2
swung,2
series,2
sole,2
marmelade,2
pommes,2
1919,2
characters,2
scene,2
p,2
movement,2
friendship,2
vices,2
marching,2
splendid,2
route,2
huysmans,2
scott,2
happening,2
doesn,2
twenty,2
clad,2
lady,2
officer,2
steadied,2
urged,2
castle,2
richest,2
private,2
forget,2
anyhow,2
stuffed,2
edmund,2
professor,2
whatsisname,2
telling,2
strips,2
cast,2
cast-off,2
garment,2
asks,2
hurry,2
roly,1
fault,1
jerseys,1
trial,1
razzo,1
beating,1
dew,1
sneakers,1
stepping,1
toes,1
roads,1
sides,1
stout,1
clogging,1
hey,1
pouring,1
dust,1
cloppetty,1
cloppety,1
hotter,1
harder,1
patch,1
treat,1
skip,1
whirr,1
lop,1
fancy,1
hauling,1
cart,1
cluck,1
goad,1
finish,1
drive,1
jog,1
loses,1
kilo,1
kilos,1
buzoni,1
flicking,1
bouts,1
saddle,1
silks,1
outdoors,1
ridden,1
pianola,1
dismounted,1
its-self,1
dangerous,1
mirafiore,1
dancy,1
easing,1
letting,1
starter,1
fiddling,1
snapping,1
commencing,1
plunging,1
rings,1
round,1
skates,1
hides,1
hoofs,1
lantorna,1
meters,1
cork,1
argument,1
butting,1
soldi,1
scala,1
butt,1
coffee,1
fooling,1
spoon,1
acted,1
studied,1
handicaps,1
turin,1
auction,1
sale,1
turner,1
trunk,1
suit,1
dirty,1
trams,1
mixup,1
balled,1
keeps,1
buses,1
busiest,1
parts,1
maisons-lafitte,1
chantilly,1
runs,1
boarding,1
kids,1
magpie,1
atkinson,1
cigarettes,1
sudden,1
chased,1
quick,1
language,1
nine,1
batch,1
5.30,1
boozing,1
trainer,1
mostly,1
vermouth,1
seltz,1
amiens,1
engagement,1
whenever,1
dollar,1
louis,1
nineteen,1
burns,1
steered,1
mounts,1
deauville,1
trainers,1
jockeys,1
entries,1
favourite,1
wild,1
platers,1
dressed,1
shirts,1
smelled,1
sweaty,1
linimenty,1
ordinary,1
wo,1
buttoning,1
bottoms,1
save,1
kidding,1
100,1
odds,1
sheets,1
prices,1
paying,1
5,1
cefisidote,1
3,1
fifth,1
list,1
bets,1
puts,1
grey,1
moves,1
tommy,1
archibald,1
pesage,1
cheered,1
pelouse,1
loose,1
swing,1
toy,1
bays,1
swept,1
towards,1
swearing,1
goddaming,1
horse-headed,1
streak,1
crazy,1
flogging,1
gad,1
slots,1
2,1
trembly,1
forgot,1
posted,1
67.50,1
oftener,1
raced,1
drop,1
streams,1
sorts,1
rabbits,1
bulb,1
matrimonial,1
papers,1
rooster,1
wormy,1
smutty,1
dig,1
joke,1
pat,1
ices,1
pardon,1
tout,1
drag,1
whisky,1
tip,1
counted,1
dropping,1
doleful,1
paris-sport,1
account,1
kidded,1
peeled,1
moritz,1
purses,1
betting,1
kentucky,1
lazare,1
30.000,1
bid,1
permit,1
space,1
charles,1
drake,1
bred,1
figured,1
training,1
investment,1
speed,1
2.500,1
hurdle,1
weigh,1
rainy,1
prix,1
marat,1
4.500,1
goggle,1
blinders,1
