places,6
mencken,6
case,6
healthy,6
luck,6
terribly,6
wire,6
flowers,6
tired,6
shoes,6
means,6
need,6
pleased,6
thick,6
drummer,6
jam,6
budapest,6
island,6
eggs,6
nine,6
swim,6
club,6
iron,6
blame,6
seats,6
comfortably,6
rod,6
cattle,6
roofs,6
covered,6
sunlight,6
hate,6
pleasure,6
pulling,6
irati,6
wine-skin,6
patches,6
drinks,6
heat,6
clouds,6
supper,6
pipe,6
tree,6
shot,6
order,6
sign,6
aficionado,6
jaw,6
cage,6
herd,6
jews,6
cloth,6
shout,6
race,6
matadors,6
broke,6
don,6
manuel,6
impressed,5
cared,5
jew,5
although,5
spider,5
pounds,5
wearing,5
spectacles,5
remembered,5
stories,5
often,5
father,5
military,5
school,5
football,5
bitter,5
divorce,5
arranged,5
literary,5
hoped,5
rise,5
also,5
disgusted,5
spent,5
settled,5
novel,5
dined,5
strasbourg,5
chin,5
won,5
gentleman,5
safe,5
catch,5
mail,5
none,5
serious,5
exactly,5
hours,5
rang,5
scenes,5
terrace,5
electric,5
solid,5
traffic,5
grinned,5
curb,5
avenue,5
food,5
mademoiselle,5
round,5
insisted,5
laugh,5
folded,5
la,5
near,5
foot,5
taxis,5
instead,5
chicago,5
promised,5
insult,5
patronne,5
note,5
monsieur,5
lose,5
pressed,5
touch,5
earth,5
raspail,5
fat,5
card,5
rotonde,5
lilas,5
catholic,5
undressed,5
form,5
speech,5
englishman,5
given,5
voice,5
kind,5
cannes,5
hard-boiled,5
rode,5
hors,5
likes,5
shoved,5
quality,5
starting,5
riding,5
reason,5
spoke,5
fall,5
terrible,5
large,5
family,5
asking,5
extraordinary,5
ice,5
corners,5
chest,5
season,5
rubbed,5
hall,5
forty,5
unless,5
animals,5
public,5
chicken,5
dining-car,5
sandwiches,5
comfortable,5
hubert,5
dangerous,5
wooded,5
change,5
breeze,5
apiece,5
blue,5
valley,5
stretched,5
tied,5
gloomy,5
rooms,5
egg,5
upper,5
praying,5
prayed,5
trains,5
german,5
shaving,5
bowl,5
saved,5
wine-bag,5
peasants,5
blowing,5
bare,5
following,5
counter,5
tip,5
apron,5
laid,5
death,5
path,5
twisted,5
shadow,5
falls,5
ferns,5
bryan,5
jean,5
chapel,5
plaza,5
tailor,5
wine-shop,5
manners,5
sallow,5
swine,5
pays,5
picador,5
fair,5
del,5
mass,5
tapped,5
eight,5
number,5
fireworks,5
festa,5
bowed,5
police,5
shake,5
tafalla,5
capes,5
flannel,5
terrain,5
roll,5
tide,5
sud,5
express,5
fact,4
shy,4
kelly,4
flattened,4
class,4
dollars,4
discovered,4
decided,4
europe,4
travel,4
books,4
fly,4
lives,4
game,4
sounds,4
thirty-four,4
needed,4
realize,4
written,4
moving,4
interest,4
shiny,4
rid,4
whiskey,4
agreed,4
nearly,4
dream,4
imitation,4
add,4
horse-cab,4
locked,4
doors,4
lighted,4
deserted,4
lavigne,4
type,4
shame,4
lots,4
straightened,4
leblanc,4
hobin,4
bal,4
nights,4
monday,4
string,4
somehow,4
superior,4
kansas,4
success,4
deal,4
wrong,4
montmartre,4
envelope,4
apart,4
clearly,4
pushed,4
yours,4
buying,4
headache,4
sidewalk,4
pavement,4
statue,4
wreath,4
noisy,4
spoil,4
italian,4
milano,4
visit,4
awake,4
amount,4
everywhere,4
market,4
eleven,4
quai,4
woolsey,4
kids,4
wednesday,4
worried,4
breeding,4
nasty,4
shave,4
sunday,4
cat,4
port,4
mistake,4
fond,4
pieces,4
careful,4
secretary,4
shall,4
speak,4
roses,4
dress,4
mad,4
quietly,4
notice,4
cigars,4
toast,4
mix,4
finger,4
lead,4
weeks,4
june,4
weight,4
dog,4
dogs,4
eaten,4
backed,4
bathe,4
lecomte,4
seeing,4
grew,4
broken,4
sky,4
tanned,4
yesterday,4
fighting,4
difficult,4
anxious,4
25th,4
tackle,4
rods,4
flies,4
bit,4
expected,4
company,4
son,4
cars,4
lap,4
wagon,4
corridor,4
beginning,4
swimming,4
join,4
sandy,4
cracked,4
store,4
theatre,4
pick,4
hanging,4
helped,4
fixed,4
porter,4
pray,4
enjoying,4
lousy,4
suizo,4
ticket,4
ladder,4
boxes,4
cork,4
owner,4
hey,4
sharply,4
loaded,4
price,4
slapped,4
mountain,4
roncesvalles,4
beds,4
weather,4
bathroom,4
summer,4
rum,4
action,4
bread,4
ironical,4
expatriate,4
spend,4
guy,4
pack,4
swung,4
hooked,4
firm,4
drumstick,4
photographs,4
polite,4
cages,4
soldier,4
unloaded,4
fortifications,4
gathered,4
stands,4
anis,4
wine-shops,4
burst,4
riau-riau,4
drunken,4
good-bye,4
bother,4
nineteen,4
balls,4
sadist,4
picadors,4
pic,4
danger,4
raining,4
bananas,4
muy,4
moon,4
band,4
globos,4
illuminados,4
sport,4
goner,4
bitch,4
owe,4
suitcase,4
opening,4
callejon,4
muletas,4
suit,4
pain,4
greatness,4
blade,4
bung-o,4
marinas,4
pyrenees,4
harbor,4
dove,4
maid,4
middleweight,3
champion,3
knowing,3
fit,3
frightened,3
child,3
wondered,3
become,3
families,3
friendly,3
balance,3
months,3
shock,3
california,3
appeared,3
board,3
expensive,3
careless,3
fairly,3
forgot,3
horizon,3
realized,3
higher,3
cards,3
enter,3
cables,3
important,3
happens,3
wake,3
napolitain,3
seine,3
jacob,3
sentimental,3
chic,3
clyne,3
passes,3
mirror,3
fiancée,3
liable,3
rapidly,3
seeming,3
dancing-club,3
policeman,3
proprietor,3
zinc,3
dancing-floor,3
earlier,3
accordion,3
bells,3
beat,3
doorway,3
breath,3
wavy,3
lett,3
blond,3
cognac,3
throw,3
missed,3
sober,3
save,3
jerk,3
contrescarpe,3
torn,3
besides,3
subject,3
including,3
pool,3
trams,3
greek,3
duke,3
whom,3
mippipopolous,3
london,3
enormous,3
frightful,3
michel,3
dome,3
closerie,3
arc-light,3
statement,3
drawn,3
crest,3
wide,3
tracks,3
vegetables,3
news,3
building,3
foreigner,3
hang,3
handling,3
jumping,3
anyhow,3
sipped,3
buck,3
bois,3
shivered,3
gardens,3
early-morning,3
smoked,3
busy,3
boxer,3
avoid,3
roller,3
dingo,3
banged,3
good-by,3
elevator,3
beaded,3
scotland,3
twice,3
stick,3
insulting,3
george,3
stretch,3
sad,3
pile,3
races,3
moron,3
nerves,3
remark,3
detach,3
shape,3
polo,3
shirts,3
may,3
formed,3
win,3
movement,3
ritz,3
manner,3
charming,3
dreadful,3
brightly,3
cheerful,3
marble-topped,3
joking,3
interrupted,3
material,3
ladies,3
literature,3
arriving,3
shower,3
bunch,3
bathing,3
bringing,3
jug,3
rocky,3
forehead,3
basket,3
credit,3
bucket,3
wrinkled,3
amazing,3
stomach,3
value,3
move,3
gives,3
ridiculous,3
concha,3
grow,3
remarkable,3
sporting,3
claimed,3
translated,3
regular,3
moment,3
quaint,3
notre,3
dame,3
shone,3
north,3
hel-lo,3
lad,3
dried,3
blood,3
hendaye,3
reels,3
rough,3
conductor,3
fifth,3
reserved,3
pilgrims,3
winked,3
gang,3
streams,3
cabs,3
buses,3
noticed,3
hunted,3
sold,3
churches,3
motor-car,3
blow,3
carts,3
villages,3
village,3
pelota,3
climb,3
general,3
fill,3
pointing,3
carabineer,3
guard,3
wade,3
col,3
grazing,3
grassy,3
field,3
cleaned,3
dessert,3
usually,3
barber-shop,3
knelt,3
thumb,3
devil,3
civil,3
eh,3
cliff,3
giving,3
thrown,3
mothers,3
baggage,3
wine-bottles,3
false,3
view,3
knees,3
arriba,3
length,3
sharp,3
posada,3
hillsides,3
driving,3
centimes,3
waving,3
salt,3
fifteen,3
monastery,3
twelve,3
framed,3
shutters,3
punch,3
motor-buses,3
dig,3
bum,3
tackle-bag,3
buttered,3
caffeine,3
group,3
claims,3
tricycle,3
pedal,3
rucksack,3
ford,3
joined,3
ridge,3
clearing,3
marked,3
timbers,3
jumped,3
fallen,3
disappeared,3
fingers,3
cock-eyed,3
fella,3
forwarded,3
jolly,3
warming,3
words,3
answer,3
understood,3
aficionados,3
touching,3
sol,3
discredit,3
worn,3
king,3
creditors,3
stared,3
pressing,3
hollow,3
muscle,3
facing,3
toro,3
sideways,3
trotted,3
complicated,3
emotion,3
arcades,3
gravel,3
formal,3
necessary,3
wheeling,3
sensation,3
basis,3
language,3
eskimo,3
workmen,3
galloping,3
swept,3
sprinkled,3
replaced,3
sweeping,3
paseo,3
pipes,3
fifes,3
banner,3
foreigners,3
rockets,3
filling,3
closely,3
giants,3
return,3
circle,3
drew,3
wine-skins,3
fork,3
mono,3
balconies,3
half-way,3
nervy,3
strong,3
seriously,3
altogether,3
toes,3
step,3
spectacle,3
born,3
drunks,3
bands,3
ambassador,3
algabeno,3
bootblacks,3
señor,3
free,3
corrida,3
older,3
villalta,3
balloons,3
orquito,3
bartender,3
stupid,3
fiestas,3
encierro,3
cogido,3
wound,3
coffin,3
wrapped,3
handkerchief,3
shrimps,3
motor-cars,3
absorbed,3
tle,3
sword-handlers,3
servants,3
folds,3
retirement,3
greatest,3
stronger,3
advance,3
pivoted,3
offering,3
knife,3
kings,3
promenade,3
marc,3
tour,3
riders,3
bicycle-riders,3
boils,3
road-racing,3
sportif,3
martinis,3
martini,3
rioja,3
alta,3
thoroughly,2
treated,2
inner,2
snooty,2
fought,2
permanently,2
increased,2
especially,2
member,2
oldest,2
team,2
painful,2
backing,2
review,2
carmel,2
provincetown,2
whose,2
editor,2
authority,2
attitude,2
absolute,2
allowance,2
month,2
critics,2
suggested,2
lifting,2
good-night,2
senlis,2
hike,2
courts,2
kiosque,2
evidently,2
publisher,2
rebound,2
college,2
attractive,2
wanting,2
games,2
connections,2
forced,2
w,2
romantic,2
described,2
direct,2
practical,2
report,2
cheer,2
dirt,2
handled,2
summer-time,2
pictures,2
interested,2
british,2
shoot,2
affairs,2
thirty-five,2
fix,2
gare,2
loud,2
typewriter,2
picture,2
habit,2
bedroom,2
signs,2
turns,2
licorice,2
drops,2
sullen,2
saucers,2
herald,2
clocks,2
tuileries,2
cheered,2
teeth,2
avoided,2
calling,2
social,2
writers,2
surely,2
excitement,2
actually,2
speaking,2
proud,2
extraordinarily,2
grant,2
pantheon,2
arrived,2
benches,2
stool,2
sweat,2
shirt-sleeves,2
faces,2
gesturing,2
actual,2
worse,2
taste,2
accent,2
eager,2
jersey,2
skirt,2
brushed,2
built,2
jo,2
trade,2
wonderfully,2
safety,2
parc,2
montsouris,2
miserable,2
levelled,2
bars,2
flares,2
calm,2
paying,2
passing,2
shaky,2
mess,2
ladyship,2
watch-chain,2
demanded,2
dare,2
ney,2
base,2
horse-chestnut,2
gas-light,2
checks,2
announcement,2
aloysius,2
lamp,2
gas,2
undressing,2
armoire,2
ways,2
wounded,2
hospital,2
society,2
padiglione,2
ponte,2
zonda,2
colonel,2
che,2
mala,2
fortuna,2
advice,2
waked,2
chain,2
linked,2
doubt,2
painter,2
monte,2
carlo,2
zelli,2
mumms,2
ill,2
half-full,2
sink,2
slippers,2
daytime,2
arranging,2
s,2
madeleine,2
platform,2
thread,2
tourists,2
pushing,2
printed,2
answers,2
dive,2
